id,dispositivo_id,coletado_em,umidade,temperatura,ph_raw,npk_nitrogenio,npk_fosforo,npk_potassio,chuva_mm
1,1,2024-01-01 08:34:26,69.2,24.3,1603,True,True,True,0.2
2,1,2024-01-02 08:21:06,64.2,24.4,1451,True,True,True,4.4
3,1,2024-01-03 08:39:56,46.8,23.9,1879,True,True,True,4.4
4,1,2024-01-04 08:17:29,64.4,27.9,1575,True,True,True,3.3
5,1,2024-01-05 08:24:17,57.1,26.9,1678,True,True,True,0.9
6,1,2024-01-06 08:13:58,67.3,28.8,1833,True,True,True,2.3
7,1,2024-01-07 08:37:27,76.1,28.7,1661,True,True,True,1.4
8,1,2024-01-08 08:27:38,59.2,28.6,1968,True,True,True,0.7
9,1,2024-01-09 08:21:07,58.9,24.5,1950,True,True,True,10.5
10,1,2024-01-10 08:40:19,51.1,25.8,1749,True,True,True,0.0
11,1,2024-01-11 08:23:56,64.0,28.7,1802,True,True,True,0.5
12,1,2024-01-12 08:34:49,75.1,29.5,1900,True,True,True,0.9
13,1,2024-01-13 08:25:42,70.1,25.4,1844,True,True,True,2.4
14,1,2024-01-14 08:04:45,62.5,28.1,1722,True,True,True,2.3
15,1,2024-01-15 08:30:15,55.2,28.2,2016,True,True,True,0.2
16,1,2024-01-16 08:06:03,76.4,29.1,1576,True,True,True,0.7
17,1,2024-01-17 08:35:06,59.8,27.3,1832,True,True,True,0.7
18,1,2024-01-18 08:25:57,83.9,25.6,1661,True,True,True,6.1
19,1,2024-01-19 08:09:12,61.9,25.8,1879,True,True,True,5.3
20,1,2024-01-20 08:10:03,83.4,27.1,1742,True,True,True,3.0
21,1,2024-01-21 08:26:42,51.7,30.6,1838,True,True,True,4.0
22,1,2024-01-22 08:20:59,68.0,28.8,1951,True,True,True,9.8
23,1,2024-01-23 08:23:18,52.1,29.8,1197,True,True,True,20.1
24,1,2024-01-24 08:08:16,79.8,26.9,1903,True,True,True,4.5
25,1,2024-01-25 08:03:05,53.9,26.9,1633,True,True,True,3.5
26,1,2024-01-26 08:35:00,80.2,29.6,1712,True,True,True,0.2
27,1,2024-01-27 08:02:57,84.7,27.1,1721,True,True,True,0.1
28,1,2024-01-28 08:15:55,75.5,28.5,1669,True,True,True,4.2
29,1,2024-01-29 08:10:50,80.1,27.6,1826,True,True,True,0.8
30,1,2024-01-30 08:14:01,65.4,30.4,1901,True,True,False,0.2
31,1,2024-01-31 08:16:11,66.2,30.3,1743,True,True,True,5.9
32,1,2024-02-01 08:36:12,87.6,30.1,1813,True,True,True,0.2
33,1,2024-02-02 08:21:39,78.0,28.6,2118,True,True,True,3.2
34,1,2024-02-03 08:26:42,83.3,29.0,1757,True,True,True,5.3
35,1,2024-02-04 08:29:28,77.5,32.2,1935,True,True,True,1.5
36,1,2024-02-05 08:21:05,61.1,29.9,1627,True,True,True,2.7
37,1,2024-02-06 08:40:36,80.7,31.9,1700,True,True,True,0.9
38,1,2024-02-07 08:27:14,79.0,28.9,1653,True,True,True,2.9
39,1,2024-02-08 08:28:39,88.7,28.9,1702,True,True,True,1.2
40,1,2024-02-09 08:40:17,86.6,32.2,1748,True,True,True,2.4
41,1,2024-02-10 08:09:45,73.6,32.1,1664,True,True,True,0.4
42,1,2024-02-11 08:01:54,70.0,29.4,1662,True,True,True,1.8
43,1,2024-02-12 08:14:31,76.1,32.9,1375,True,True,True,1.6
44,1,2024-02-13 08:39:34,71.3,29.7,1809,True,True,True,0.1
45,1,2024-02-14 08:24:17,70.1,28.8,1719,True,True,True,4.7
46,1,2024-02-15 08:02:48,86.1,32.6,1739,True,True,True,1.4
47,1,2024-02-16 08:38:38,65.3,29.1,1872,True,True,True,1.3
48,1,2024-02-17 08:24:25,82.5,33.9,1565,True,False,True,7.1
49,1,2024-02-18 08:02:22,64.1,33.9,1501,True,False,True,1.3
50,1,2024-02-19 08:29:45,81.0,31.9,1589,True,False,True,0.3
51,1,2024-02-20 08:15:53,63.8,30.1,1524,True,False,True,4.6
52,1,2024-02-21 08:31:13,67.7,34.1,1722,True,False,True,2.9
53,1,2024-02-22 08:15:44,67.3,31.3,1714,True,False,True,10.4
54,1,2024-02-23 08:35:33,83.8,32.0,1965,True,False,True,2.9
55,1,2024-02-24 08:11:12,94.3,31.5,1612,True,False,True,3.0
56,1,2024-02-25 08:11:19,76.1,30.9,1707,True,False,True,6.5
57,1,2024-02-26 08:30:30,78.1,30.0,1688,True,False,True,4.1
58,1,2024-02-27 08:03:09,65.8,32.3,2181,True,False,True,0.3
59,1,2024-02-28 08:28:19,79.6,30.9,1584,False,False,True,0.6
60,1,2024-02-29 08:05:10,95.2,34.5,2236,False,False,True,1.9
61,1,2024-03-01 08:14:59,79.7,31.5,1844,False,False,True,6.1
62,1,2024-03-02 08:09:04,88.5,31.8,1890,False,False,True,4.7
63,1,2024-03-03 08:28:05,88.8,30.8,1507,False,False,True,13.4
64,1,2024-03-04 08:01:48,92.5,33.6,1586,False,False,True,7.0
65,1,2024-03-05 08:05:30,70.4,34.0,2014,False,False,True,3.4
66,1,2024-03-06 08:35:02,72.8,32.5,1821,False,False,True,6.0
67,1,2024-03-07 08:23:39,72.4,33.1,1565,False,False,True,2.8
68,1,2024-03-08 08:40:38,83.8,34.7,2133,False,False,True,7.7
69,1,2024-03-09 08:18:32,87.0,35.0,1744,False,False,True,2.9
70,1,2024-03-10 08:08:55,76.6,34.6,1778,False,False,True,3.6
71,1,2024-03-11 08:09:28,89.6,31.5,1842,False,False,True,8.5
72,1,2024-03-12 08:14:54,74.4,33.9,1638,False,False,True,4.4
73,1,2024-03-13 08:37:21,63.7,35.2,1745,False,False,True,9.3
74,1,2024-03-14 08:30:50,93.8,35.7,1504,False,False,True,3.2
75,1,2024-03-15 08:34:02,74.6,36.3,1672,False,False,True,10.7
76,1,2024-03-16 08:06:28,71.1,34.6,1537,False,False,True,6.5
77,1,2024-03-17 08:11:05,73.5,32.4,1893,False,False,True,0.3
78,1,2024-03-18 08:29:57,76.7,34.7,1779,False,False,True,6.5
79,1,2024-03-19 08:30:06,82.7,33.1,2098,False,False,True,25.1
80,1,2024-03-20 08:03:58,83.8,32.9,1926,False,False,True,4.9
81,1,2024-03-21 08:08:40,81.2,34.8,1862,False,False,True,9.2
82,1,2024-03-22 08:26:11,86.0,32.3,1679,False,False,True,0.2
83,1,2024-03-23 08:21:51,91.9,32.9,1862,False,False,True,4.0
84,1,2024-03-24 08:23:05,98.0,32.5,1647,False,False,True,0.9
85,1,2024-03-25 08:01:39,64.3,36.0,1582,False,False,True,6.5
86,1,2024-03-26 08:08:02,84.1,36.5,1713,False,False,True,14.4
87,1,2024-03-27 08:09:56,75.0,36.8,1681,False,False,True,12.8
88,1,2024-03-28 08:23:06,67.7,34.2,1757,False,False,True,3.9
89,1,2024-03-29 08:40:38,77.4,37.1,1941,False,False,True,0.4
90,1,2024-03-30 08:14:21,66.1,37.1,1620,False,False,True,2.4
91,1,2024-03-31 08:22:50,92.8,36.1,1647,False,False,True,24.4
92,1,2024-04-01 08:23:32,85.7,36.2,1680,False,False,True,0.1
93,1,2024-04-02 08:27:43,80.8,35.3,1793,False,True,True,7.7
94,1,2024-04-03 08:20:24,90.2,32.9,1971,False,True,True,3.5
95,1,2024-04-04 08:28:56,83.8,37.3,1544,False,True,True,0.6
96,1,2024-04-05 08:30:04,76.9,33.5,1816,False,True,True,3.6
97,1,2024-04-06 08:27:55,67.8,32.9,1513,False,True,True,2.8
98,1,2024-04-07 08:22:54,66.7,37.0,1863,False,True,True,2.0
99,1,2024-04-08 08:17:01,69.0,35.2,1733,False,True,True,3.4
100,1,2024-04-09 08:40:01,90.2,33.4,1866,False,True,True,2.2
101,1,2024-04-10 08:39:03,84.0,32.9,1628,False,True,True,1.0
102,1,2024-04-11 08:18:43,74.7,35.8,1877,False,True,True,6.5
103,1,2024-04-12 08:20:07,82.5,35.9,1729,False,True,True,3.0
104,1,2024-04-13 08:02:27,91.9,32.5,1711,False,True,True,1.2
105,1,2024-04-14 08:23:05,98.0,32.6,1889,True,True,True,5.1
106,1,2024-04-15 08:04:32,68.8,34.7,1594,True,True,True,3.4
107,1,2024-04-16 08:09:48,84.1,35.7,1849,True,True,True,2.6
108,1,2024-04-17 08:40:39,67.7,36.3,2013,True,True,True,18.1
109,1,2024-04-18 08:02:03,98.0,34.1,1684,True,True,False,3.8
110,1,2024-04-19 08:02:28,75.3,34.3,1911,True,True,False,6.2
111,1,2024-04-20 08:11:02,85.5,37.0,1836,True,True,False,4.2
112,1,2024-04-21 08:38:03,80.7,33.7,1955,True,True,False,3.5
113,1,2024-04-22 08:37:42,88.2,36.4,1819,True,True,False,6.8
114,1,2024-04-23 08:21:52,77.4,33.1,1782,True,True,False,20.5
115,1,2024-04-24 08:31:12,90.1,33.1,2272,True,True,False,14.5
116,1,2024-04-25 08:39:08,69.7,33.5,1575,True,True,True,0.5
117,1,2024-04-26 08:39:18,70.2,35.4,1857,True,True,True,5.8
118,1,2024-04-27 08:36:28,92.8,36.1,1976,True,True,True,1.6
119,1,2024-04-28 08:35:59,74.7,34.6,1609,True,True,True,20.1
120,1,2024-04-29 08:14:52,95.0,32.8,1886,True,True,True,11.3
121,1,2024-04-30 08:09:08,77.0,34.5,1806,True,True,True,4.1
122,1,2024-05-01 08:09:35,97.4,32.4,1762,True,True,True,3.8
123,1,2024-05-02 08:31:38,86.2,36.9,1508,True,True,True,1.6
124,1,2024-05-03 08:05:33,86.9,34.8,1882,True,True,True,5.0
125,1,2024-05-04 08:01:22,66.5,37.0,1566,True,True,True,26.1
126,1,2024-05-05 08:11:53,76.4,36.0,1722,True,True,True,7.7
127,1,2024-05-06 08:02:20,80.6,35.9,1677,True,True,True,9.7
128,1,2024-05-07 08:21:17,82.3,36.6,1541,True,True,True,26.3
129,1,2024-05-08 08:05:46,76.9,32.6,1956,True,True,True,13.0
130,1,2024-05-09 08:27:10,79.0,34.0,1585,True,True,True,30.7
131,1,2024-05-10 08:23:32,76.0,35.3,2065,True,True,True,2.5
132,1,2024-05-11 08:24:36,87.7,35.8,1839,True,True,True,17.5
133,1,2024-05-12 08:01:47,68.6,31.9,1607,True,True,True,3.4
134,1,2024-05-13 08:31:12,81.6,32.6,1801,True,True,True,13.9
135,1,2024-05-14 08:34:18,93.5,32.2,1427,True,True,True,3.3
136,1,2024-05-15 08:08:15,93.3,36.0,1855,True,True,True,7.0
137,1,2024-05-16 08:33:26,63.5,35.4,1609,True,True,True,9.2
138,1,2024-05-17 08:35:40,92.0,35.3,1702,True,True,True,0.4
139,1,2024-05-18 08:33:57,89.9,34.3,1884,True,True,True,11.3
140,1,2024-05-19 08:37:37,64.9,32.7,1891,True,True,True,1.2
141,1,2024-05-20 08:36:26,85.6,32.0,1713,True,True,True,10.2
142,1,2024-05-21 08:29:04,62.8,34.2,1539,True,True,True,12.1
143,1,2024-05-22 08:23:32,67.2,34.5,1599,True,True,True,2.3
144,1,2024-05-23 08:15:55,72.8,33.8,1844,True,True,True,3.4
145,1,2024-05-24 08:25:32,90.4,35.4,1987,True,True,True,1.1
146,1,2024-05-25 08:00:54,69.6,33.1,1650,True,True,True,4.7
147,1,2024-05-26 08:28:48,65.6,31.3,1740,True,True,True,2.8
148,1,2024-05-27 08:23:48,90.3,33.4,1906,True,False,True,5.2
149,1,2024-05-28 08:39:20,82.0,31.3,1716,True,False,True,0.2
150,1,2024-05-29 08:01:23,95.8,31.3,1780,True,False,True,7.1
151,1,2024-05-30 08:37:36,63.9,32.0,1635,True,False,True,12.0
152,1,2024-05-31 08:36:44,61.5,31.4,1822,True,False,True,3.4
153,1,2024-06-01 08:08:33,60.2,30.7,1718,True,False,True,6.0
154,1,2024-06-02 08:16:39,71.0,31.1,1838,True,False,True,5.6
155,1,2024-06-03 08:35:59,93.5,32.4,1729,True,False,False,14.4
156,1,2024-06-04 08:09:18,84.8,34.6,1886,True,False,False,1.7
157,1,2024-06-05 08:06:39,92.9,30.0,2073,True,False,False,5.4
158,1,2024-06-06 08:08:00,66.9,33.4,1927,True,False,False,0.3
159,1,2024-06-07 08:05:41,93.3,34.4,1881,True,False,False,10.5
160,1,2024-06-08 08:25:50,77.1,32.4,1948,True,False,False,6.3
161,1,2024-06-09 08:34:33,91.3,31.9,2108,True,False,False,10.2
162,1,2024-06-10 08:11:00,91.1,31.8,1667,True,False,False,9.2
163,1,2024-06-11 08:11:08,85.5,32.9,1508,True,False,False,0.9
164,1,2024-06-12 08:16:41,90.5,31.5,1642,True,False,False,0.0
165,1,2024-06-13 08:18:23,65.1,30.8,1665,True,False,False,0.8
166,1,2024-06-14 08:34:51,64.2,31.9,1598,True,False,False,0.7
167,1,2024-06-15 08:35:57,63.9,32.1,1758,True,False,False,9.6
168,1,2024-06-16 08:32:28,76.4,31.2,2022,True,False,False,0.7
169,1,2024-06-17 08:37:04,71.8,32.6,1577,True,False,False,0.3
170,1,2024-06-18 08:26:23,67.6,28.6,1739,True,True,False,0.3
171,1,2024-06-19 08:34:25,68.7,33.3,1991,True,True,False,2.1
172,1,2024-06-20 08:14:15,80.9,30.8,1499,True,True,False,1.1
173,1,2024-06-21 08:04:06,60.0,30.4,1877,True,True,False,6.3
174,1,2024-06-22 08:03:08,70.2,30.9,2056,True,True,False,4.8
175,1,2024-06-23 08:14:26,64.2,30.4,1858,True,True,False,1.6
176,1,2024-06-24 08:24:50,55.7,29.2,1516,True,True,False,12.6
177,1,2024-06-25 08:03:35,78.3,30.2,1640,True,True,False,0.9
178,1,2024-06-26 08:34:46,67.9,29.5,1827,True,True,False,3.1
179,1,2024-06-27 08:21:19,54.5,31.5,1597,True,True,False,0.2
180,1,2024-06-28 08:13:25,52.9,32.0,1906,False,True,False,11.3
181,1,2024-06-29 08:30:48,71.9,31.7,1779,False,True,False,3.1
182,1,2024-06-30 08:37:46,84.7,31.2,1599,False,True,False,1.8
183,1,2024-07-01 08:31:29,56.9,28.9,1678,False,True,False,7.0
184,1,2024-07-02 08:02:53,79.8,27.6,1891,False,True,False,0.7
185,1,2024-07-03 08:39:58,84.9,30.8,1620,True,True,False,2.0
186,1,2024-07-04 08:27:51,68.1,28.9,1517,True,True,True,0.0
187,1,2024-07-05 08:29:36,56.7,31.0,1923,True,True,True,1.0
188,1,2024-07-06 08:30:03,75.0,27.4,1657,True,True,True,1.3
189,1,2024-07-07 08:36:30,74.9,29.3,2022,True,True,True,3.8
190,1,2024-07-08 08:09:48,82.6,27.3,1907,True,True,True,4.2
191,1,2024-07-09 08:05:32,78.6,29.9,1875,True,True,True,3.0
192,1,2024-07-10 08:20:01,61.2,29.4,1695,True,True,True,0.4
193,1,2024-07-11 08:15:45,76.6,28.8,1644,True,True,True,2.8
194,1,2024-07-12 08:28:23,57.7,25.8,1789,True,True,True,1.6
195,1,2024-07-13 08:24:00,51.5,29.1,1898,True,True,True,2.7
196,1,2024-07-14 08:08:17,61.4,26.7,1842,True,True,True,0.3
197,1,2024-07-15 08:12:29,64.9,26.6,1911,True,True,True,1.8
198,1,2024-07-16 08:38:08,57.8,25.5,1820,True,True,True,9.6
199,1,2024-07-17 08:20:24,68.3,26.3,1692,True,True,True,0.6
200,1,2024-07-18 08:13:28,74.5,26.1,1581,True,True,True,1.4
201,1,2024-07-19 08:24:04,75.8,28.5,2035,True,True,True,4.9
202,1,2024-07-20 08:34:38,67.1,26.7,1884,True,True,True,2.7
203,1,2024-07-21 08:27:06,48.4,27.5,1781,True,True,True,1.3
204,1,2024-07-22 08:37:44,54.3,24.2,1521,True,True,True,2.1
205,1,2024-07-23 08:13:33,57.1,26.5,1828,True,True,True,1.6
206,1,2024-07-24 08:06:43,61.5,26.3,1765,True,True,True,1.6
207,1,2024-07-25 08:27:25,77.5,27.8,1742,True,True,True,2.2
208,1,2024-07-26 08:04:36,65.9,23.8,1561,True,True,True,0.6
209,1,2024-07-27 08:37:07,74.9,24.0,1808,True,True,True,1.7
210,1,2024-07-28 08:07:15,73.6,25.1,1885,True,True,True,2.6
211,1,2024-07-29 08:11:35,49.4,24.8,1687,True,True,True,1.4
212,1,2024-07-30 08:24:35,53.0,24.0,1574,True,True,True,0.5
213,1,2024-07-31 08:34:18,60.1,25.5,1687,True,True,True,4.6
214,1,2024-08-01 08:23:34,58.4,23.7,1601,True,True,True,3.4
215,1,2024-08-02 08:22:55,43.2,26.9,1715,True,True,True,11.2
216,1,2024-08-03 08:40:27,57.2,26.7,1556,True,True,True,12.2
217,1,2024-08-04 08:17:54,46.1,23.4,1783,True,True,True,0.1
218,1,2024-08-05 08:08:15,73.2,25.0,1858,True,True,True,3.9
219,1,2024-08-06 08:05:25,52.1,23.0,1758,False,True,True,1.1
220,1,2024-08-07 08:29:40,50.2,24.7,2062,True,True,True,6.1
221,1,2024-08-08 08:36:54,52.8,25.4,1936,True,True,True,0.5
222,1,2024-08-09 08:28:29,52.0,24.4,1830,True,True,True,2.4
223,1,2024-08-10 08:23:42,73.8,21.8,1826,True,True,True,0.3
224,1,2024-08-11 08:08:37,45.0,26.2,1987,True,True,True,1.0
225,1,2024-08-12 08:06:06,63.3,22.7,2000,True,True,True,3.4
226,1,2024-08-13 08:00:39,70.2,23.0,1768,True,True,True,0.3
227,1,2024-08-14 08:37:46,54.1,24.6,1715,True,True,True,0.3
228,1,2024-08-15 08:01:54,72.7,23.2,1532,True,True,True,0.7
229,1,2024-08-16 08:15:31,69.2,25.4,1814,True,True,True,0.4
230,1,2024-08-17 08:34:43,40.0,24.2,1964,True,True,True,3.9
231,1,2024-08-18 08:32:49,54.1,21.8,1816,True,True,True,1.5
232,1,2024-08-19 08:09:34,62.2,22.9,1749,True,True,True,0.1
233,1,2024-08-20 08:07:29,57.8,22.3,1773,True,True,True,1.7
234,1,2024-08-21 08:33:50,38.4,23.7,1523,True,True,True,1.8
235,1,2024-08-22 08:16:45,45.5,24.6,1569,True,True,True,3.3
236,1,2024-08-23 08:36:43,58.5,25.3,1945,True,True,True,1.1
237,1,2024-08-24 08:35:51,43.9,23.9,1706,True,True,True,3.0
238,1,2024-08-25 08:32:43,62.1,24.8,1751,True,True,True,0.8
239,1,2024-08-26 08:00:23,41.7,24.6,1905,True,True,True,4.5
240,1,2024-08-27 08:34:48,55.3,21.0,1328,True,True,True,0.5
241,1,2024-08-28 08:19:06,40.2,23.9,1786,True,True,True,1.1
242,1,2024-08-29 08:33:26,69.9,20.8,1739,True,True,True,0.7
243,1,2024-08-30 08:15:18,47.7,23.2,1820,True,True,True,0.1
244,1,2024-08-31 08:37:06,45.4,20.9,1743,True,True,True,2.1
245,1,2024-09-01 08:19:52,39.8,20.3,1594,True,True,True,1.0
246,1,2024-09-02 08:19:16,55.4,23.0,1788,True,True,True,0.3
247,1,2024-09-03 08:14:08,39.7,23.5,2054,True,True,True,1.0
248,1,2024-09-04 08:12:57,47.7,20.3,1660,True,True,True,1.3
249,1,2024-09-05 08:31:01,62.2,22.4,2013,True,True,True,1.9
250,1,2024-09-06 08:18:31,48.2,21.0,1923,True,True,True,0.5
251,1,2024-09-07 08:24:50,52.5,21.1,1874,True,True,True,0.2
252,1,2024-09-08 08:17:03,49.8,22.5,1802,True,True,True,1.6
253,1,2024-09-09 08:14:36,49.3,22.9,1621,True,True,True,0.3
254,1,2024-09-10 08:37:01,60.8,23.0,1919,True,True,True,0.4
255,1,2024-09-11 08:38:14,44.6,22.2,1673,True,True,True,2.8
256,1,2024-09-12 08:03:01,49.0,18.8,1717,True,True,True,0.4
257,1,2024-09-13 08:20:08,57.0,19.3,1802,True,True,True,0.7
258,1,2024-09-14 08:39:50,57.8,23.4,1814,True,True,True,0.5
259,1,2024-09-15 08:36:02,55.3,20.2,1815,True,True,True,1.1
260,1,2024-09-16 08:22:20,42.6,19.3,1610,False,True,True,1.4
261,1,2024-09-17 08:06:46,62.9,19.2,1967,False,True,True,0.8
262,1,2024-09-18 08:30:50,44.8,18.3,1886,False,True,True,1.0
263,1,2024-09-19 08:24:10,54.2,22.5,1717,False,True,True,0.1
264,1,2024-09-20 08:27:10,50.3,21.8,1665,False,True,True,1.7
265,1,2024-09-21 08:35:53,42.4,18.4,1916,False,True,True,0.6
266,1,2024-09-22 08:40:18,35.0,20.5,1727,False,True,True,0.0
267,1,2024-09-23 08:11:28,47.3,22.9,1963,False,True,True,0.4
268,1,2024-09-24 08:34:26,46.0,18.2,1940,False,True,True,0.2
269,1,2024-09-25 08:05:25,51.3,22.8,1464,False,True,True,1.1
270,1,2024-09-26 08:11:10,55.6,22.4,1652,False,True,True,0.4
271,1,2024-09-27 08:04:05,58.9,22.7,1871,False,True,True,2.8
272,1,2024-09-28 08:26:07,44.0,19.8,1873,False,True,True,0.2
273,1,2024-09-29 08:26:16,35.0,19.8,1524,False,True,True,1.7
274,1,2024-09-30 08:21:44,47.1,19.7,1612,False,True,True,0.6
275,1,2024-10-01 08:14:08,56.3,18.9,2053,False,True,True,0.0
276,1,2024-10-02 08:26:47,56.2,19.2,1591,False,True,True,0.8
277,1,2024-10-03 08:11:12,48.0,20.1,1715,False,True,True,0.9
278,1,2024-10-04 08:25:40,36.5,22.0,1792,False,True,True,0.0
279,1,2024-10-05 08:05:18,53.8,22.2,1763,False,True,True,0.3
280,1,2024-10-06 08:32:01,35.0,17.7,1939,False,True,True,1.0
281,1,2024-10-07 08:17:27,64.0,21.9,1679,False,True,True,0.1
282,1,2024-10-08 08:23:35,59.8,22.0,1588,False,True,True,0.3
283,1,2024-10-09 08:19:12,51.0,20.8,1731,False,True,True,0.0
284,1,2024-10-10 08:31:18,56.6,18.3,1827,False,True,True,1.2
285,1,2024-10-11 08:22:32,44.1,18.8,1721,False,True,True,0.6
286,1,2024-10-12 08:11:43,35.1,19.0,1781,False,True,True,0.5
287,1,2024-10-13 08:03:55,52.6,22.0,1773,False,True,True,1.0
288,1,2024-10-14 08:09:08,49.9,20.7,1866,False,True,True,0.5
289,1,2024-10-15 08:20:40,41.3,22.5,2091,False,True,True,2.2
290,1,2024-10-16 08:27:40,45.3,17.8,1726,False,True,True,0.1
291,1,2024-10-17 08:15:14,44.5,19.7,1738,False,True,True,0.4
292,1,2024-10-18 08:33:38,41.4,21.0,1756,False,True,True,0.1
293,1,2024-10-19 08:08:13,44.7,20.1,1720,False,True,True,2.8
294,1,2024-10-20 08:03:38,50.3,21.2,1674,False,True,True,0.1
295,1,2024-10-21 08:40:00,52.9,22.5,1735,False,True,True,0.6
296,1,2024-10-22 08:07:18,53.0,19.1,1727,False,True,True,0.6
297,1,2024-10-23 08:30:21,35.0,18.1,1787,False,True,True,0.2
298,1,2024-10-24 08:06:57,35.0,18.8,1855,False,True,True,0.0
299,1,2024-10-25 08:07:06,37.6,18.9,1887,False,True,True,0.3
300,1,2024-10-26 08:05:23,61.4,21.9,1744,False,True,True,0.0
301,1,2024-10-27 08:03:54,36.0,21.7,1421,False,True,True,0.2
302,1,2024-10-28 08:08:30,44.4,18.5,1993,False,True,True,0.5
303,1,2024-10-29 08:21:33,35.0,22.3,1712,False,True,True,0.2
304,1,2024-10-30 08:35:57,54.8,20.4,1779,False,True,True,0.1
305,1,2024-10-31 08:03:32,35.0,22.7,1695,False,True,True,1.1
306,1,2024-11-01 08:07:31,52.9,18.9,1680,False,True,True,0.3
307,1,2024-11-02 08:29:21,35.0,21.6,1718,False,True,True,0.5
308,1,2024-11-03 08:07:06,35.0,19.7,1778,False,True,True,0.2
309,1,2024-11-04 08:26:06,38.1,21.7,1590,True,True,True,2.2
310,1,2024-11-05 08:02:59,37.2,19.3,2006,True,True,True,0.1
311,1,2024-11-06 08:37:30,54.5,21.2,1995,True,True,True,0.4
312,1,2024-11-07 08:20:32,58.5,22.7,1989,True,True,True,1.7
313,1,2024-11-08 08:32:19,45.6,22.6,1563,True,True,True,0.2
314,1,2024-11-09 08:08:45,50.4,22.4,1598,True,True,True,0.3
315,1,2024-11-10 08:34:18,65.3,21.5,1507,True,True,True,0.3
316,1,2024-11-11 08:18:43,46.2,22.7,1747,True,True,True,0.0
317,1,2024-11-12 08:35:24,61.3,19.6,1705,True,True,True,1.1
318,1,2024-11-13 08:20:35,59.5,19.6,1629,True,True,True,1.3
319,1,2024-11-14 08:38:12,58.2,18.8,1847,True,True,True,1.7
320,1,2024-11-15 08:27:17,66.3,22.4,2062,True,True,True,0.3
321,1,2024-11-16 08:39:53,36.4,21.4,1647,True,True,True,0.4
322,1,2024-11-17 08:32:10,49.5,22.0,1692,True,True,True,0.8
323,1,2024-11-18 08:00:07,51.4,20.8,1848,True,True,True,0.2
324,1,2024-11-19 08:07:24,48.3,22.2,1815,True,True,True,2.3
325,1,2024-11-20 08:05:06,58.5,20.2,1944,True,True,True,1.5
326,1,2024-11-21 08:06:13,67.0,19.8,1783,True,True,True,0.8
327,1,2024-11-22 08:03:11,58.1,21.8,2027,True,True,True,1.1
328,1,2024-11-23 08:34:00,53.0,23.1,1712,True,True,True,0.9
329,1,2024-11-24 08:28:24,55.4,22.4,1761,True,True,True,1.4
330,1,2024-11-25 08:09:19,57.1,21.3,1541,True,True,True,0.7
331,1,2024-11-26 08:05:19,66.5,22.8,1826,True,True,True,0.6
332,1,2024-11-27 08:16:12,60.5,20.5,1505,True,True,True,1.6
333,1,2024-11-28 08:12:46,58.1,20.1,1705,True,True,True,1.8
334,1,2024-11-29 08:21:39,68.4,22.6,1732,True,True,True,0.6
335,1,2024-11-30 08:17:53,59.4,23.1,1873,True,True,True,2.2
336,1,2024-12-01 08:05:53,59.1,21.6,1923,True,True,True,0.5
337,1,2024-12-02 08:37:25,64.6,21.3,1836,True,True,True,1.8
338,1,2024-12-03 08:37:46,42.7,23.9,1687,True,True,True,0.1
339,1,2024-12-04 08:08:28,40.1,24.4,1684,True,True,True,0.7
340,1,2024-12-05 08:14:04,56.0,21.0,1753,True,True,True,1.3
341,1,2024-12-06 08:40:53,44.2,21.7,1659,True,True,True,2.4
342,1,2024-12-07 08:16:24,62.8,21.8,1585,True,True,True,1.4
343,1,2024-12-08 08:32:41,44.3,25.4,1509,True,True,True,0.7
344,1,2024-12-09 08:30:30,42.0,22.0,1918,True,True,True,0.3
345,1,2024-12-10 08:11:33,42.6,21.8,1771,True,True,True,0.1
346,1,2024-12-11 08:30:55,58.6,25.6,1724,True,True,True,1.4
347,1,2024-12-12 08:38:37,45.2,23.4,1678,True,True,True,1.5
348,1,2024-12-13 08:11:30,51.2,21.4,1801,True,True,True,0.3
349,1,2024-12-14 08:27:33,59.4,25.7,1895,True,True,True,2.6
350,1,2024-12-15 08:36:06,69.6,23.4,1617,True,True,True,2.3
351,1,2024-12-16 08:24:41,47.5,23.5,1788,True,True,True,0.2
352,1,2024-12-17 08:39:17,67.6,22.6,1404,True,True,True,1.0
353,1,2024-12-18 08:25:47,53.2,26.6,1812,True,True,True,1.6
354,1,2024-12-19 08:35:39,70.3,22.4,1948,True,True,True,0.3
355,1,2024-12-20 08:05:38,64.9,25.4,1973,True,True,True,0.0
356,1,2024-12-21 08:40:31,53.6,22.2,2104,True,True,True,8.9
357,1,2024-12-22 08:00:10,47.3,24.3,1594,True,True,True,0.7
358,1,2024-12-23 08:35:58,50.3,22.7,1513,True,True,True,1.1
359,1,2024-12-24 08:32:18,53.1,25.3,1799,True,True,True,7.5
360,1,2024-12-25 08:30:49,45.1,24.2,1648,True,True,True,1.7
361,1,2024-12-26 08:14:51,53.4,23.8,1792,True,True,True,5.4
362,1,2024-12-27 08:04:35,75.9,24.3,1515,True,True,True,1.8
363,1,2024-12-28 08:16:13,59.0,27.5,1548,True,True,True,0.8
364,1,2024-12-29 08:00:48,72.2,24.1,2023,True,True,True,4.5
365,1,2024-12-30 08:32:17,76.9,27.4,1843,True,True,True,1.0
366,1,2024-12-31 08:29:07,69.7,25.2,1628,True,True,True,0.4
367,1,2025-01-01 08:30:39,59.3,26.7,1744,True,True,True,0.6
368,1,2025-01-02 08:36:43,49.6,25.1,1731,True,True,True,1.5
369,1,2025-01-03 08:31:08,46.9,24.6,1739,True,True,True,1.5
370,1,2025-01-04 08:10:03,74.2,28.6,1870,True,True,True,2.0
371,1,2025-01-05 08:22:55,53.1,24.8,1792,True,True,True,3.8
372,1,2025-01-06 08:28:56,66.0,27.2,1692,True,True,True,2.4
373,1,2025-01-07 08:05:10,66.6,24.4,1363,True,True,True,5.8
374,1,2025-01-08 08:37:33,56.1,25.8,1844,True,True,True,3.1
375,1,2025-01-09 08:04:59,60.0,29.1,1767,True,True,True,3.9
376,1,2025-01-10 08:24:19,65.2,28.7,1785,True,True,True,0.1
377,1,2025-01-11 08:34:59,72.3,25.6,1676,True,True,True,2.3
378,1,2025-01-12 08:33:40,62.1,26.0,1783,True,True,True,10.9
379,1,2025-01-13 08:22:18,57.5,27.9,1639,True,True,True,5.2
380,1,2025-01-14 08:00:35,47.0,27.2,1917,True,True,True,8.2
381,1,2025-01-15 08:39:51,61.8,26.9,1605,True,True,True,0.6
382,1,2025-01-16 08:29:39,57.1,28.6,1694,True,True,True,3.4
383,1,2025-01-17 08:00:14,72.8,27.5,1613,True,True,True,0.6
384,1,2025-01-18 08:09:03,48.5,25.8,1761,True,True,True,0.8
385,1,2025-01-19 08:28:15,62.4,26.8,1656,True,True,True,7.8
386,1,2025-01-20 08:20:10,49.8,29.3,1726,True,True,True,2.2
387,1,2025-01-21 08:40:27,50.4,28.9,1933,True,True,True,1.0
388,1,2025-01-22 08:23:49,55.2,27.5,1679,True,True,True,1.2
389,1,2025-01-23 08:08:31,55.1,26.5,1940,True,True,True,9.7
390,1,2025-01-24 08:08:16,85.1,27.3,1874,True,True,True,5.7
391,1,2025-01-25 08:35:10,67.6,30.8,1630,True,True,True,4.4
392,1,2025-01-26 08:01:39,56.0,26.8,1805,True,True,True,1.3
393,1,2025-01-27 08:20:26,78.6,30.8,1771,True,True,True,4.1
394,1,2025-01-28 08:06:02,55.0,29.9,2009,True,True,True,2.9
395,1,2025-01-29 08:31:59,81.4,29.6,1647,True,True,True,4.7
396,1,2025-01-30 08:39:17,54.5,31.4,1590,True,True,True,6.4
397,1,2025-01-31 08:36:40,78.3,29.7,1786,True,True,True,1.0
398,1,2025-02-01 08:06:10,72.3,31.9,1698,True,True,True,3.3
399,1,2025-02-02 08:26:48,72.3,31.2,1519,True,True,True,3.1
400,1,2025-02-03 08:28:28,82.5,30.6,1747,True,True,True,1.6
401,1,2025-02-04 08:17:58,53.1,32.3,1881,True,True,True,0.1
402,1,2025-02-05 08:14:16,73.4,30.4,1782,True,True,True,11.0
403,1,2025-02-06 08:06:38,57.0,31.8,1464,True,True,True,5.7
404,1,2025-02-07 08:07:55,55.3,31.1,1964,True,True,True,7.1
405,1,2025-02-08 08:14:09,81.1,31.9,1969,True,True,True,4.4
406,1,2025-02-09 08:08:21,80.8,28.4,1455,True,True,True,2.2
407,1,2025-02-10 08:36:12,75.4,28.7,1907,True,True,True,0.4
408,1,2025-02-11 08:26:27,91.0,31.2,1803,True,True,True,3.3
409,1,2025-02-12 08:14:12,62.2,30.3,1623,True,True,True,6.6
410,1,2025-02-13 08:18:00,61.2,32.0,1947,True,True,True,6.0
411,1,2025-02-14 08:09:44,84.8,30.4,1692,True,True,True,1.9
412,1,2025-02-15 08:03:29,56.8,32.3,1923,True,True,True,4.1
413,1,2025-02-16 08:24:32,56.7,32.2,1656,True,True,True,9.0
414,1,2025-02-17 08:01:02,60.3,33.9,1835,True,True,True,1.8
415,1,2025-02-18 08:03:40,76.0,30.4,1673,True,True,True,0.8
416,1,2025-02-19 08:08:05,71.1,30.5,1892,True,True,True,47.8
417,1,2025-02-20 08:08:13,76.2,33.0,1611,True,True,False,5.6
418,1,2025-02-21 08:09:41,78.6,32.7,1461,True,True,False,5.6
419,1,2025-02-22 08:26:26,91.0,34.2,1669,True,True,False,14.6
420,1,2025-02-23 08:39:17,85.0,31.2,1940,True,True,True,8.6
421,1,2025-02-24 08:11:54,80.5,32.8,1658,True,True,True,0.1
422,1,2025-02-25 08:12:48,75.7,31.8,1688,True,True,True,0.9
423,1,2025-02-26 08:24:46,65.3,31.0,1919,True,True,True,4.9
424,1,2025-02-27 08:02:56,81.2,31.6,1705,True,True,True,6.9
425,1,2025-02-28 08:18:29,78.0,35.1,1547,True,True,True,4.2
426,1,2025-03-01 08:11:49,70.2,31.1,1913,True,True,True,13.0
427,1,2025-03-02 08:20:44,92.0,33.3,1600,True,True,True,2.0
428,1,2025-03-03 08:32:39,85.6,33.7,1708,True,True,True,0.9
429,1,2025-03-04 08:26:19,73.9,35.3,1553,True,False,True,12.8
430,1,2025-03-05 08:29:31,88.1,32.1,1940,True,False,True,3.1
431,1,2025-03-06 08:35:17,80.2,35.0,2085,False,False,True,1.4
432,1,2025-03-07 08:19:21,80.9,33.9,1765,True,False,True,9.4
433,1,2025-03-08 08:37:23,62.8,35.5,1667,True,False,True,6.0
434,1,2025-03-09 08:08:07,64.6,35.6,1803,True,False,True,1.9
435,1,2025-03-10 08:38:59,71.3,34.5,1561,True,False,True,6.5
436,1,2025-03-11 08:31:33,87.1,35.0,1720,True,False,True,3.1
437,1,2025-03-12 08:13:51,79.7,34.8,1872,True,False,True,1.5
438,1,2025-03-13 08:04:19,76.9,34.3,1443,True,False,True,0.3
439,1,2025-03-14 08:30:58,81.9,32.8,1762,True,False,True,2.3
440,1,2025-03-15 08:03:53,63.6,33.7,1675,True,False,True,0.8
441,1,2025-03-16 08:01:21,82.8,34.0,1665,True,False,True,0.1
442,1,2025-03-17 08:20:45,85.2,36.4,1570,True,False,True,10.4
443,1,2025-03-18 08:05:28,77.7,31.7,1636,True,False,True,3.4
444,1,2025-03-19 08:06:52,91.7,34.2,1756,True,False,True,13.4
445,1,2025-03-20 08:05:21,81.6,36.6,1862,True,False,True,0.2
446,1,2025-03-21 08:12:18,64.9,34.1,1749,True,False,True,4.2
447,1,2025-03-22 08:20:17,74.8,33.2,1679,True,False,True,0.9
448,1,2025-03-23 08:30:57,88.8,32.6,1782,True,False,True,1.9
449,1,2025-03-24 08:12:45,67.4,35.3,1913,True,False,True,1.1
450,1,2025-03-25 08:06:29,92.8,35.7,1809,True,False,True,0.5
451,1,2025-03-26 08:21:50,87.0,33.6,1772,True,False,True,17.1
452,1,2025-03-27 08:36:08,75.6,36.4,1574,True,False,True,3.9
453,1,2025-03-28 08:10:30,78.6,34.6,1737,True,False,True,4.8
454,1,2025-03-29 08:04:47,76.4,34.1,1679,True,False,True,9.9
455,1,2025-03-30 08:38:49,84.9,36.8,1540,True,False,True,3.7
456,1,2025-03-31 08:09:42,76.1,36.3,1771,True,False,True,6.1
457,1,2025-04-01 08:27:45,83.5,33.0,1592,True,False,True,1.3
458,1,2025-04-02 08:35:03,76.9,37.2,1887,True,False,True,0.6
459,1,2025-04-03 08:27:34,84.7,32.3,1830,True,False,True,2.0
460,1,2025-04-04 08:08:08,70.8,33.4,1743,True,False,True,0.9
461,1,2025-04-05 08:38:59,88.0,32.4,1959,True,False,True,6.4
462,1,2025-04-06 08:15:45,71.2,34.5,2015,True,False,True,4.2
463,1,2025-04-07 08:33:54,79.6,34.9,1607,True,False,True,22.8
464,1,2025-04-08 08:04:43,92.9,37.3,1710,True,False,True,3.7
465,1,2025-04-09 08:18:18,93.6,35.6,1733,True,False,True,2.5
466,1,2025-04-10 08:18:51,89.9,33.3,1802,True,False,True,5.4
467,1,2025-04-11 08:38:11,65.9,36.2,1671,True,False,True,0.5
468,1,2025-04-12 08:02:21,91.6,37.0,1761,True,False,False,6.5
469,1,2025-04-13 08:36:46,98.0,37.4,1508,True,False,False,10.9
470,1,2025-04-14 08:34:14,66.9,36.7,1586,True,False,False,1.8
471,1,2025-04-15 08:02:06,90.4,34.4,1665,True,False,False,12.3
472,1,2025-04-16 08:37:25,87.9,37.1,1768,True,False,False,18.8
473,1,2025-04-17 08:26:06,89.3,34.8,1766,True,True,False,8.8
474,1,2025-04-18 08:13:38,89.7,35.1,1992,True,True,False,2.6
475,1,2025-04-19 08:16:18,90.5,35.7,1983,False,True,False,0.8
476,1,2025-04-20 08:10:49,98.0,34.8,1969,False,True,False,6.1
477,1,2025-04-21 08:11:41,92.9,32.8,1647,False,True,False,0.4
478,1,2025-04-22 08:36:46,70.1,34.9,1850,False,True,False,8.8
479,1,2025-04-23 08:32:45,80.9,33.7,1826,False,True,False,6.1
480,1,2025-04-24 08:30:07,82.5,37.1,1699,False,True,False,3.4
481,1,2025-04-25 08:29:48,98.0,35.3,1600,False,True,False,3.1
482,1,2025-04-26 08:22:31,88.1,36.2,1941,False,True,False,1.2
483,1,2025-04-27 08:34:53,87.5,32.8,1745,False,True,False,1.3
484,1,2025-04-28 08:33:29,98.0,36.4,1666,False,True,False,0.1
485,1,2025-04-29 08:08:00,95.9,37.0,1497,True,True,False,1.6
486,1,2025-04-30 08:31:38,66.3,33.2,1694,True,True,False,2.2
487,1,2025-05-01 08:13:48,72.4,36.3,1810,True,True,False,9.9
488,1,2025-05-02 08:37:02,70.6,32.5,1595,True,True,False,0.4
489,1,2025-05-03 08:18:26,92.7,32.9,1649,True,True,False,1.0
490,1,2025-05-04 08:02:38,92.7,35.6,1639,True,True,False,3.8
491,1,2025-05-05 08:23:55,82.1,33.0,1967,True,True,False,8.9
492,1,2025-05-06 08:30:31,83.4,35.9,1684,True,True,False,1.4
493,1,2025-05-07 08:34:11,88.0,32.9,1975,True,True,False,2.0
494,1,2025-05-08 08:20:14,64.8,32.8,1815,True,True,False,4.2
495,1,2025-05-09 08:39:29,75.4,35.8,1967,True,True,False,11.8
496,1,2025-05-10 08:07:54,77.0,32.8,1905,True,True,False,3.5
497,1,2025-05-11 08:14:05,78.4,34.2,1761,True,True,False,2.0
498,1,2025-05-12 08:27:37,82.0,33.8,1641,True,True,False,11.4
499,1,2025-05-13 08:25:30,96.5,32.8,2088,True,True,False,13.1
500,1,2025-05-14 08:22:18,88.1,35.7,1636,True,True,False,0.6
501,1,2025-05-15 08:25:11,98.0,32.8,1990,True,True,False,1.0
502,1,2025-05-16 08:17:44,76.0,35.5,1777,True,True,True,3.5
503,1,2025-05-17 08:07:24,82.1,36.2,1831,True,True,True,0.5
504,1,2025-05-18 08:15:34,84.7,33.2,1483,True,True,True,2.5
505,1,2025-05-19 08:17:03,79.4,31.9,1949,True,True,True,17.8
506,1,2025-05-20 08:39:23,74.5,31.6,1675,True,True,True,3.7
507,1,2025-05-21 08:06:10,95.9,35.2,1891,True,True,True,0.4
508,1,2025-05-22 08:08:30,86.8,32.5,1399,True,True,True,3.8
509,1,2025-05-23 08:20:31,77.5,32.8,1672,True,True,True,0.4
510,1,2025-05-24 08:30:23,86.4,33.9,1649,True,True,True,10.0
511,1,2025-05-25 08:09:10,88.9,35.7,1896,True,True,True,3.3
512,1,2025-05-26 08:23:28,62.4,32.0,1797,True,True,True,2.0
513,1,2025-05-27 08:21:41,66.6,33.4,1639,True,True,True,2.8
514,1,2025-05-28 08:28:21,77.6,34.2,2095,True,True,True,1.8
515,1,2025-05-29 08:12:37,86.7,34.0,1824,True,True,True,4.2
516,1,2025-05-30 08:25:12,88.3,33.1,1702,True,True,True,7.7
517,1,2025-05-31 08:28:55,81.6,32.8,1699,True,True,True,5.7
518,1,2025-06-01 08:26:08,67.5,33.1,1750,True,True,True,11.4
519,1,2025-06-02 08:17:26,81.0,34.4,1838,True,True,True,23.0
520,1,2025-06-03 08:19:53,75.9,31.0,1860,True,True,True,4.3
521,1,2025-06-04 08:18:26,76.8,32.9,1746,True,True,True,8.0
522,1,2025-06-05 08:30:36,91.4,30.8,1640,True,True,True,5.2
523,1,2025-06-06 08:29:56,67.8,32.0,1584,True,True,True,8.6
524,1,2025-06-07 08:12:49,71.2,33.2,1355,True,True,True,0.3
525,1,2025-06-08 08:34:37,85.6,32.8,1675,True,True,True,1.9
526,1,2025-06-09 08:32:14,63.0,31.3,1697,True,True,True,0.7
527,1,2025-06-10 08:07:52,86.2,33.6,1525,True,True,True,14.8
528,1,2025-06-11 08:11:45,58.0,30.0,1665,True,True,True,2.1
529,1,2025-06-12 08:07:04,83.9,30.7,1815,True,True,True,5.7
530,1,2025-06-13 08:02:04,74.2,29.2,1810,True,True,True,2.7
531,1,2025-06-14 08:37:22,56.9,30.5,1821,True,True,True,4.3
532,1,2025-06-15 08:12:18,87.1,30.6,1800,True,True,True,7.1
533,1,2025-06-16 08:06:11,83.2,29.6,2011,True,True,True,11.9
534,1,2025-06-17 08:31:48,91.1,32.8,1760,True,True,True,2.5
535,1,2025-06-18 08:26:18,65.9,30.3,1742,True,True,True,3.1
536,1,2025-06-19 08:25:28,70.6,33.3,1688,True,True,True,8.8
537,1,2025-06-20 08:12:38,79.3,30.9,1871,True,True,True,5.3
538,1,2025-06-21 08:25:22,69.2,32.4,1863,True,True,True,1.2
539,1,2025-06-22 08:06:47,76.1,30.4,1602,True,True,True,1.4
540,1,2025-06-23 08:04:42,56.5,28.2,1858,True,True,True,4.9
541,1,2025-06-24 08:02:27,81.4,31.6,1782,True,True,True,4.7
542,1,2025-06-25 08:10:31,57.8,32.1,1650,True,True,True,2.5
543,1,2025-06-26 08:03:25,64.5,29.7,1545,True,True,True,3.5
544,1,2025-06-27 08:23:22,74.2,28.8,1928,True,True,True,2.0
545,1,2025-06-28 08:19:37,73.7,31.4,1775,True,True,True,2.0
546,1,2025-06-29 08:26:17,77.1,27.7,1530,True,True,True,8.3
547,1,2025-06-30 08:21:10,69.0,27.2,1892,True,True,True,3.4
548,1,2025-07-01 08:03:19,64.8,30.1,1773,True,True,True,2.3
549,1,2025-07-02 08:13:22,65.9,31.8,1793,True,True,True,0.4
550,1,2025-07-03 08:29:42,74.6,30.7,2014,True,True,True,1.4
551,1,2025-07-04 08:34:51,57.3,30.4,2001,True,True,True,7.6
552,1,2025-07-05 08:19:54,78.2,29.5,1783,True,True,True,2.2
553,1,2025-07-06 08:07:09,61.7,28.5,1782,True,True,True,0.9
554,1,2025-07-07 08:16:50,58.8,27.2,1702,True,True,True,6.5
555,1,2025-07-08 08:26:57,73.3,30.1,1894,True,True,True,12.1
556,1,2025-07-09 08:33:42,73.0,27.8,2033,True,True,True,0.3
557,1,2025-07-10 08:15:59,83.2,30.0,1864,True,True,False,7.7
558,1,2025-07-11 08:07:20,53.9,27.8,1703,True,True,False,0.7
559,1,2025-07-12 08:02:53,65.5,28.3,1756,True,True,False,5.3
560,1,2025-07-13 08:07:34,76.8,29.1,1883,True,True,False,0.2
561,1,2025-07-14 08:10:58,78.6,29.7,1485,True,True,False,1.7
562,1,2025-07-15 08:26:59,58.9,27.4,1980,True,True,False,5.6
563,1,2025-07-16 08:29:44,73.0,29.3,1965,True,True,False,5.7
564,1,2025-07-17 08:05:07,48.7,25.1,1546,True,True,False,3.3
565,1,2025-07-18 08:16:11,65.1,25.6,2050,True,True,False,4.6
566,1,2025-07-19 08:14:01,76.0,28.1,1696,True,True,False,5.0
567,1,2025-07-20 08:16:09,79.1,29.3,1618,True,True,False,7.3
568,1,2025-07-21 08:07:14,58.9,24.9,1574,True,True,False,8.9
569,1,2025-07-22 08:12:26,52.2,27.9,1934,True,True,False,1.0
570,1,2025-07-23 08:05:00,73.5,25.1,1540,True,True,False,0.1
571,1,2025-07-24 08:15:30,76.1,26.4,1912,True,True,False,0.7
572,1,2025-07-25 08:25:42,80.3,28.4,1728,True,True,False,8.0
573,1,2025-07-26 08:09:16,78.9,25.6,1557,True,True,False,0.8
574,1,2025-07-27 08:39:53,45.4,24.2,1676,True,True,False,0.4
575,1,2025-07-28 08:03:12,53.0,27.3,1623,True,True,False,1.0
576,1,2025-07-29 08:35:31,51.4,24.1,2065,True,True,True,0.1
577,1,2025-07-30 08:37:13,46.9,25.6,1736,True,True,True,1.1
578,1,2025-07-31 08:01:18,77.5,26.1,1665,True,True,True,1.9
579,1,2025-08-01 08:17:38,66.8,26.4,1585,True,True,True,7.6
580,1,2025-08-02 08:08:13,53.8,26.2,1885,True,True,True,0.1
581,1,2025-08-03 08:25:05,70.5,27.1,1695,True,True,True,3.3
582,1,2025-08-04 08:19:57,48.9,22.8,2034,True,True,True,1.2
583,1,2025-08-05 08:23:39,45.8,26.0,1601,True,True,True,1.7
584,1,2025-08-06 08:33:40,63.5,23.3,1493,True,True,True,0.2
585,1,2025-08-07 08:36:03,43.5,25.5,1690,True,True,True,3.6
586,1,2025-08-08 08:37:05,73.2,24.9,1766,True,True,True,1.6
587,1,2025-08-09 08:28:39,40.5,25.9,1743,True,True,True,3.3
588,1,2025-08-10 08:27:34,51.9,26.0,1575,True,True,True,5.3
589,1,2025-08-11 08:39:23,53.6,21.9,1986,True,True,True,1.3
590,1,2025-08-12 08:12:54,73.7,25.1,1773,True,True,True,2.3
591,1,2025-08-13 08:07:10,56.1,21.7,1826,True,False,True,3.7
592,1,2025-08-14 08:25:03,65.1,26.0,1848,True,False,True,1.2
593,1,2025-08-15 08:39:59,41.9,23.0,1851,True,True,True,1.0
594,1,2025-08-16 08:26:56,67.4,24.6,1614,True,True,True,1.3
595,1,2025-08-17 08:21:58,55.5,23.5,1890,True,True,True,2.2
596,1,2025-08-18 08:23:50,67.8,24.0,1698,True,True,True,1.9
597,1,2025-08-19 08:31:19,72.1,23.3,1811,True,True,True,2.1
598,1,2025-08-20 08:04:21,57.0,22.0,1846,True,True,True,12.3
599,1,2025-08-21 08:32:38,58.9,22.8,1836,True,True,True,0.5
600,1,2025-08-22 08:06:52,61.9,23.9,1832,True,True,True,4.3
601,1,2025-08-23 08:09:41,54.4,23.3,1793,True,True,True,0.4
602,1,2025-08-24 08:10:05,65.4,22.2,1823,True,True,True,0.2
603,1,2025-08-25 08:29:54,61.4,21.6,1559,True,True,True,0.4
604,1,2025-08-26 08:25:49,60.0,22.8,1868,True,True,True,4.3
605,1,2025-08-27 08:18:26,37.4,20.9,1767,True,True,True,1.5
606,1,2025-08-28 08:25:28,59.5,22.0,1519,True,True,True,1.1
607,1,2025-08-29 08:34:21,66.7,23.1,1596,True,True,True,0.8
608,1,2025-08-30 08:40:10,60.4,21.8,1597,True,True,True,2.8
609,1,2025-08-31 08:32:22,66.4,19.8,1634,True,True,True,2.3
610,1,2025-09-01 08:37:36,61.3,20.2,1723,True,True,True,3.6
611,1,2025-09-02 08:15:06,67.6,23.1,1597,True,True,False,0.3
612,1,2025-09-03 08:08:30,54.6,21.1,1487,True,True,False,2.1
613,1,2025-09-04 08:31:46,36.3,20.4,1681,True,True,False,1.0
614,1,2025-09-05 08:13:29,62.9,24.1,1608,True,True,False,0.2
615,1,2025-09-06 08:23:19,59.9,21.6,1898,True,True,False,3.4
616,1,2025-09-07 08:31:00,43.8,24.1,1701,True,True,False,0.7
617,1,2025-09-08 08:08:32,45.2,19.6,1868,True,True,False,0.9
618,1,2025-09-09 08:25:21,59.9,22.1,1633,True,True,False,1.1
619,1,2025-09-10 08:07:41,66.8,21.6,1955,True,True,False,1.0
620,1,2025-09-11 08:07:42,39.1,21.6,1587,True,True,False,0.9
621,1,2025-09-12 08:02:31,38.4,23.4,2033,True,True,False,0.3
622,1,2025-09-13 08:10:18,35.0,23.0,1787,True,True,False,0.5
623,1,2025-09-14 08:26:57,40.8,19.3,1869,True,True,False,0.5
624,1,2025-09-15 08:24:07,45.0,20.1,1827,True,True,False,1.5
625,1,2025-09-16 08:35:41,42.8,19.8,1698,True,True,False,0.0
626,1,2025-09-17 08:15:34,42.1,22.3,1734,True,True,False,0.4
627,1,2025-09-18 08:17:38,65.6,23.1,1710,True,True,False,1.4
628,1,2025-09-19 08:04:19,55.4,19.5,1738,True,True,False,5.7
629,1,2025-09-20 08:40:16,55.9,18.7,1878,True,True,False,5.2
630,1,2025-09-21 08:08:41,56.1,23.1,1529,True,True,False,0.2
631,1,2025-09-22 08:04:34,52.4,22.7,1776,True,True,False,0.1
632,1,2025-09-23 08:00:07,60.3,18.2,1754,True,True,False,0.8
633,1,2025-09-24 08:14:14,64.0,20.3,1647,True,False,False,0.0
634,1,2025-09-25 08:17:36,65.0,22.9,1792,True,False,False,0.0
635,1,2025-09-26 08:14:56,36.2,20.4,1844,True,False,False,0.7
636,1,2025-09-27 08:29:00,58.1,20.5,1999,True,False,False,0.1
637,1,2025-09-28 08:02:56,52.9,22.5,1802,True,False,False,1.8
638,1,2025-09-29 08:14:44,35.0,21.4,1735,True,False,False,1.5
639,1,2025-09-30 08:21:53,35.0,19.9,1754,True,False,False,0.2
640,1,2025-10-01 08:39:28,35.0,19.0,1849,True,False,False,0.2
641,1,2025-10-02 08:28:03,52.0,21.5,1694,True,False,False,0.0
642,1,2025-10-03 08:14:55,52.0,19.2,1721,True,False,False,0.0
643,1,2025-10-04 08:21:37,53.1,20.7,1911,True,False,False,0.9
644,1,2025-10-05 08:26:30,35.0,18.6,1764,True,False,False,0.5
645,1,2025-10-06 08:09:09,45.3,21.2,1766,True,False,False,0.0
646,1,2025-10-07 08:35:54,50.9,19.9,2039,True,False,False,0.2
647,1,2025-10-08 08:37:36,41.5,17.8,1980,True,False,False,0.1
648,1,2025-10-09 08:39:13,51.3,22.4,1720,True,True,False,0.3
649,1,2025-10-10 08:18:28,55.5,18.7,1891,True,True,True,0.7
650,1,2025-10-11 08:21:54,50.1,18.5,1711,True,True,True,0.7
651,1,2025-10-12 08:19:29,35.5,20.3,2059,True,True,True,1.2
652,1,2025-10-13 08:09:56,58.2,18.7,1795,True,True,True,0.5
653,1,2025-10-14 08:09:20,57.6,22.1,1809,True,True,True,0.2
654,1,2025-10-15 08:39:04,51.7,18.7,1899,True,True,True,0.2
655,1,2025-10-16 08:30:17,43.0,18.3,1951,True,True,True,0.2
656,1,2025-10-17 08:27:56,52.0,20.4,1574,True,True,True,0.8
657,1,2025-10-18 08:21:27,35.0,19.4,1821,True,True,True,0.0
658,1,2025-10-19 08:05:18,44.6,19.8,1651,True,True,True,0.2
659,1,2025-10-20 08:19:47,47.5,21.7,1579,True,True,True,1.3
660,1,2025-10-21 08:00:49,53.7,21.6,1533,True,True,True,0.2
661,1,2025-10-22 08:25:14,58.7,19.0,1787,True,True,True,0.3
662,1,2025-10-23 08:20:54,56.1,18.7,1594,True,True,True,0.3
663,1,2025-10-24 08:22:21,56.9,18.5,1718,True,True,True,0.3
664,1,2025-10-25 08:21:36,44.6,18.7,1650,True,True,True,0.7
665,1,2025-10-26 08:28:40,51.0,20.8,1503,True,True,True,2.1
666,1,2025-10-27 08:24:18,35.0,22.1,1552,True,True,True,0.1
667,1,2025-10-28 08:26:30,39.9,18.7,1579,True,True,True,0.3
668,1,2025-10-29 08:36:19,43.5,21.4,1727,True,True,True,1.3
669,1,2025-10-30 08:31:29,47.6,20.7,1702,True,True,True,0.0
670,1,2025-10-31 08:11:26,35.0,20.1,1636,True,True,True,0.1
671,1,2025-11-01 08:17:56,62.1,19.0,1735,True,True,True,1.5
672,1,2025-11-02 08:23:04,40.3,21.0,1577,True,True,True,1.5
673,1,2025-11-03 08:21:47,48.0,21.6,1784,True,True,True,0.1
674,1,2025-11-04 08:05:35,37.0,19.9,1592,True,True,True,0.0
675,1,2025-11-05 08:10:04,55.8,21.2,1587,True,True,True,0.2
676,1,2025-11-06 08:03:53,35.0,21.4,1822,True,True,True,0.2
677,1,2025-11-07 08:15:12,49.1,21.2,1631,True,True,True,0.1
678,1,2025-11-08 08:10:46,45.6,18.5,1553,True,True,True,3.3
679,1,2025-11-09 08:22:20,45.5,19.0,1865,True,True,True,0.6
680,1,2025-11-10 08:04:56,45.2,19.1,1843,True,True,True,0.3
681,1,2025-11-11 08:40:44,41.7,19.3,1382,True,True,True,0.1
682,1,2025-11-12 08:04:21,64.2,20.3,1487,True,True,True,1.2
683,1,2025-11-13 08:27:48,63.9,18.5,1572,True,True,True,1.1
684,1,2025-11-14 08:28:47,35.0,19.6,1814,True,True,True,0.1
685,1,2025-11-15 08:21:15,36.2,22.9,1638,True,True,True,0.0
686,1,2025-11-16 08:11:28,35.0,19.6,2010,True,True,True,2.2
687,1,2025-11-17 08:13:15,35.0,21.8,1357,True,False,True,0.0
688,1,2025-11-18 08:40:12,47.2,21.2,1774,True,False,True,0.6
689,1,2025-11-19 08:30:01,60.2,20.1,2129,True,False,True,0.5
690,1,2025-11-20 08:19:29,47.6,22.6,1960,True,False,True,0.1
691,1,2025-11-21 08:25:59,52.6,20.3,1610,True,False,True,1.3
692,1,2025-11-22 08:07:24,46.8,21.1,1771,True,False,True,1.4
693,1,2025-11-23 08:24:59,38.6,23.7,1786,True,False,True,1.6
694,1,2025-11-24 08:09:16,41.8,21.3,1353,True,False,True,0.7
695,1,2025-11-25 08:12:56,54.0,20.5,1704,True,False,True,0.1
696,1,2025-11-26 08:05:06,63.2,21.4,1673,True,False,False,0.3
697,1,2025-11-27 08:26:33,61.5,22.6,1704,True,False,True,1.7
698,1,2025-11-28 08:36:52,44.1,21.6,1827,True,False,True,0.7
699,1,2025-11-29 08:05:18,41.2,20.6,1753,True,False,True,0.3
700,1,2025-11-30 08:37:50,38.7,20.1,1462,True,True,True,0.1
701,1,2025-12-01 08:23:43,37.9,24.7,1734,True,True,True,1.2
702,1,2025-12-02 08:06:00,70.6,24.3,1751,True,True,True,2.3
703,1,2025-12-03 08:39:43,60.0,22.2,1702,True,True,True,0.2
704,1,2025-12-04 08:20:43,52.2,23.3,1423,True,True,True,0.8
705,1,2025-12-05 08:24:18,57.2,22.4,1575,True,True,True,0.1
706,1,2025-12-06 08:35:55,61.2,23.3,1883,True,True,True,3.1
707,1,2025-12-07 08:01:10,68.1,22.7,1930,True,True,True,1.2
708,1,2025-12-08 08:34:40,47.8,25.1,1702,True,True,True,0.8
709,1,2025-12-09 08:24:41,39.6,24.2,1637,True,True,True,4.3
710,1,2025-12-10 08:12:47,56.8,23.9,1451,True,True,True,3.2
711,1,2025-12-11 08:23:51,57.4,25.5,1850,True,True,True,0.8
712,1,2025-12-12 08:18:53,65.7,24.3,1853,True,True,True,1.3
713,1,2025-12-13 08:17:54,61.8,22.1,1832,True,True,True,2.4
714,1,2025-12-14 08:13:54,54.8,24.6,1858,True,True,True,3.2
715,1,2025-12-15 08:01:35,67.0,24.8,1737,True,True,True,3.7
716,1,2025-12-16 08:35:25,53.3,23.3,1703,True,True,True,1.2
717,1,2025-12-17 08:09:13,50.0,21.9,1836,True,True,True,0.1
718,1,2025-12-18 08:27:43,65.6,22.6,1444,True,True,True,2.6
719,1,2025-12-19 08:25:15,72.3,25.8,2110,True,True,True,0.4
720,1,2025-12-20 08:05:49,47.9,21.9,1999,True,True,True,1.4
721,1,2025-12-21 08:37:36,68.9,24.2,1586,True,True,True,1.2
722,1,2025-12-22 08:08:06,57.0,26.9,1906,True,True,True,2.5
723,1,2025-12-23 08:37:34,65.8,23.7,1882,True,True,True,1.1
724,1,2025-12-24 08:35:28,68.8,25.8,1602,True,True,True,0.3
725,1,2025-12-25 08:34:10,45.1,26.3,1829,True,True,True,0.4
726,1,2025-12-26 08:36:31,75.0,24.6,1832,True,True,True,0.0
727,1,2025-12-27 08:13:08,60.0,26.1,1902,True,True,False,1.8
728,1,2025-12-28 08:25:29,49.3,25.7,1740,True,True,False,1.1
729,1,2025-12-29 08:32:38,51.0,23.3,1534,True,True,False,1.9
730,1,2025-12-30 08:35:26,71.7,23.8,1865,True,True,False,1.0
731,1,2025-12-31 08:06:50,65.5,23.4,1660,True,True,False,0.8
732,1,2026-01-01 08:35:17,49.0,27.8,1863,True,True,False,3.4
733,1,2026-01-02 08:30:37,75.3,26.4,1938,True,True,False,1.3
734,1,2026-01-03 08:23:45,43.7,24.1,2094,True,True,False,1.9
735,1,2026-01-04 08:14:19,68.0,27.5,1599,True,True,False,1.6
736,1,2026-01-05 08:36:03,47.0,26.9,1840,True,True,False,1.0
737,1,2026-01-06 08:34:44,54.5,24.3,2016,True,True,False,0.0
738,1,2026-01-07 08:33:43,45.0,24.6,1629,True,True,False,0.6
739,1,2026-01-08 08:27:31,66.7,27.1,1987,True,True,False,6.2
740,1,2026-01-09 08:18:16,58.6,26.1,1701,True,True,False,0.4
741,1,2026-01-10 08:22:00,72.0,25.4,1652,True,True,False,1.1
742,1,2026-01-11 08:05:33,57.6,27.6,1707,True,True,False,1.3
743,1,2026-01-12 08:17:06,51.6,27.2,1885,True,False,False,0.5
744,1,2026-01-13 08:18:02,70.0,29.7,1883,True,False,False,1.8
745,1,2026-01-14 08:08:20,61.8,25.5,1734,True,False,False,3.5
746,1,2026-01-15 08:08:09,75.1,28.8,1789,True,False,False,1.7
747,1,2026-01-16 08:27:15,47.8,26.8,1733,True,False,False,5.8
748,1,2026-01-17 08:30:45,73.9,28.3,1706,True,False,False,0.7
749,1,2026-01-18 08:12:59,51.6,29.3,1727,True,False,False,0.7
750,1,2026-01-19 08:27:30,48.9,26.2,1535,True,False,False,0.8
751,1,2026-01-20 08:20:13,63.9,26.0,1827,True,False,True,1.6
752,1,2026-01-21 08:35:49,58.9,27.2,1778,True,False,True,3.3
753,1,2026-01-22 08:08:40,61.1,30.2,1745,True,False,True,5.4
754,1,2026-01-23 08:34:39,53.8,29.7,1602,True,False,True,3.2
755,1,2026-01-24 08:35:22,75.9,27.9,1861,True,False,True,4.7
756,1,2026-01-25 08:08:18,66.2,30.8,1747,True,False,True,4.7
757,1,2026-01-26 08:24:35,70.8,26.6,1821,True,False,True,5.1
758,1,2026-01-27 08:29:32,65.1,30.4,1517,True,False,True,1.2
759,1,2026-01-28 08:08:17,69.9,30.2,1716,True,True,True,4.8
760,1,2026-01-29 08:20:05,53.2,31.2,1860,True,True,True,15.3
761,1,2026-01-30 08:16:01,83.4,31.6,1746,True,True,True,9.0
762,1,2026-01-31 08:40:38,87.1,29.7,1839,True,True,True,6.0
763,1,2026-02-01 08:30:05,81.6,29.9,1777,True,True,True,3.5
764,1,2026-02-02 08:11:52,69.0,29.8,1878,True,True,True,6.9
765,1,2026-02-03 08:38:06,74.7,29.4,1810,True,True,True,1.2
766,1,2026-02-04 08:40:38,53.8,29.4,1780,True,True,True,7.3
767,1,2026-02-05 08:10:19,88.2,27.7,1827,True,True,True,5.6
768,1,2026-02-06 08:32:56,59.2,29.4,1734,True,True,True,0.2
769,1,2026-02-07 08:07:31,59.0,32.1,1784,True,True,True,2.4
770,1,2026-02-08 08:02:38,58.2,28.9,1735,True,True,True,0.5
771,1,2026-02-09 08:31:42,69.9,28.9,1702,True,True,True,2.4
772,1,2026-02-10 08:09:24,64.3,30.1,1841,True,True,True,10.5
773,1,2026-02-11 08:22:20,83.8,30.6,2044,True,True,True,0.5
774,1,2026-02-12 08:35:31,72.7,30.9,1710,True,True,True,16.3
775,1,2026-02-13 08:23:00,73.4,31.3,1641,True,True,True,0.4
776,1,2026-02-14 08:08:18,86.5,29.7,1727,True,True,True,2.1
777,1,2026-02-15 08:01:44,86.2,31.1,1402,True,True,True,2.5
778,1,2026-02-16 08:04:00,69.8,33.8,1636,True,True,True,5.7
779,1,2026-02-17 08:00:18,86.0,31.9,1813,True,True,True,6.4
780,1,2026-02-18 08:29:35,59.1,29.7,1836,True,True,True,4.9
781,1,2026-02-19 08:25:39,66.5,32.8,1631,True,True,True,1.2
782,1,2026-02-20 08:25:52,71.6,29.6,1694,True,True,True,8.4
783,1,2026-02-21 08:06:04,59.7,31.4,1637,True,True,True,1.5
784,1,2026-02-22 08:02:36,58.3,30.6,1875,True,True,True,11.8
785,1,2026-02-23 08:22:08,75.6,34.6,1821,True,True,True,1.8
786,1,2026-02-24 08:37:55,61.9,33.3,1775,True,True,True,2.6
787,1,2026-02-25 08:10:32,69.1,34.1,1857,True,True,True,10.9
788,1,2026-02-26 08:27:02,85.1,32.5,1899,True,True,True,5.3
789,1,2026-02-27 08:19:35,87.0,34.5,1670,True,True,True,4.8
790,1,2026-02-28 08:22:05,88.1,34.5,1825,False,True,True,11.6
791,1,2026-03-01 08:23:54,85.2,30.6,1300,False,True,True,19.9
792,1,2026-03-02 08:26:32,74.5,31.8,1868,False,True,True,5.0
793,1,2026-03-03 08:24:10,91.6,32.7,1801,False,True,True,19.9
794,1,2026-03-04 08:06:05,91.0,33.4,1751,False,True,True,1.3
795,1,2026-03-05 08:07:17,64.3,31.5,1909,False,True,True,3.0
796,1,2026-03-06 08:23:50,80.3,33.0,1713,False,True,True,15.8
797,1,2026-03-07 08:19:55,77.9,32.9,2057,False,True,False,16.4
798,1,2026-03-08 08:19:10,92.4,34.4,1861,False,True,False,4.0
799,1,2026-03-09 08:38:12,95.1,31.9,1557,False,True,False,8.3
800,1,2026-03-10 08:09:57,85.5,31.4,1776,False,True,False,5.2
801,1,2026-03-11 08:28:40,66.9,33.4,1805,False,True,False,19.2
802,1,2026-03-12 08:12:43,65.3,36.0,1694,False,True,False,1.4
803,1,2026-03-13 08:22:53,62.5,34.1,1765,False,True,False,12.6
804,1,2026-03-14 08:24:18,81.0,34.0,1727,False,True,False,8.1
805,1,2026-03-15 08:39:59,87.1,35.6,1633,False,True,False,5.4
806,1,2026-03-16 08:14:49,80.3,33.5,1803,False,True,False,7.8
807,1,2026-03-17 08:00:23,76.3,33.8,1814,False,True,False,0.7
808,1,2026-03-18 08:02:00,81.0,35.5,1923,False,True,True,1.8
809,1,2026-03-19 08:39:41,91.4,31.8,1858,False,True,True,7.7
810,1,2026-03-20 08:10:27,64.9,33.7,1591,False,True,True,15.3
811,1,2026-03-21 08:05:05,88.8,32.9,1810,False,True,True,4.9
812,1,2026-03-22 08:29:40,63.7,31.9,1811,False,True,True,8.4
813,1,2026-03-23 08:17:05,76.3,35.0,1776,False,True,True,2.0
814,1,2026-03-24 08:11:05,86.2,36.6,2095,False,True,True,5.9
815,1,2026-03-25 08:20:40,94.1,32.3,1847,False,True,True,0.6
816,1,2026-03-26 08:30:39,92.9,36.5,1697,False,True,True,1.2
817,1,2026-03-27 08:13:01,64.1,35.0,1632,False,True,True,0.8
818,1,2026-03-28 08:18:29,71.9,33.7,1737,False,True,True,7.6
819,1,2026-03-29 08:37:19,82.0,35.9,1592,False,True,True,1.3
820,1,2026-03-30 08:24:27,71.6,33.0,1741,False,True,True,7.5
821,1,2026-03-31 08:33:22,77.0,33.2,1991,False,True,True,3.5
822,1,2026-04-01 08:20:07,68.5,34.2,1576,False,True,True,9.8
823,1,2026-04-02 08:35:17,89.2,32.3,1731,False,True,True,5.0
824,1,2026-04-03 08:12:12,98.0,35.9,1645,False,True,True,9.8
825,1,2026-04-04 08:36:00,82.4,32.6,1876,False,True,True,0.8
826,1,2026-04-05 08:26:46,74.9,36.9,1791,True,True,True,11.0
827,1,2026-04-06 08:07:53,76.1,33.9,1717,True,True,True,8.9
828,1,2026-04-07 08:10:05,87.0,34.3,1807,True,True,True,0.2
829,1,2026-04-08 08:04:16,97.3,33.4,1519,True,True,True,27.2
830,1,2026-04-09 08:37:56,86.9,34.1,2007,True,True,True,10.0
831,1,2026-04-10 08:05:16,97.1,36.7,1598,True,True,True,4.4
832,1,2026-04-11 08:31:03,90.5,36.3,1573,True,True,True,2.6
833,1,2026-04-12 08:29:41,89.1,33.5,1599,True,True,True,4.0
834,1,2026-04-13 08:12:04,83.1,33.3,1785,True,True,True,14.7
835,1,2026-04-14 08:01:30,70.9,33.9,1640,True,True,True,6.3
836,1,2026-04-15 08:03:28,81.3,35.8,2056,True,True,True,1.9
837,1,2026-04-16 08:03:41,68.5,33.9,1599,True,True,True,3.3
838,1,2026-04-17 08:25:25,69.0,33.7,1545,True,True,True,0.7
839,1,2026-04-18 08:39:30,72.9,34.5,1864,True,True,True,4.1
840,1,2026-04-19 08:30:27,95.7,36.2,1534,True,True,True,7.0
841,1,2026-04-20 08:07:02,71.4,34.2,1748,True,True,True,6.8
842,1,2026-04-21 08:21:28,85.4,36.6,1817,True,True,True,27.8
843,1,2026-04-22 08:38:30,77.5,34.9,1527,True,True,True,1.8
844,1,2026-04-23 08:15:36,89.6,33.0,1687,True,True,True,7.8
845,1,2026-04-24 08:28:56,98.0,36.1,1586,True,True,True,1.3
846,1,2026-04-25 08:21:53,74.3,35.0,1958,True,True,True,6.8
847,1,2026-04-26 08:18:39,80.4,35.5,1350,True,True,True,9.4
848,1,2026-04-27 08:31:19,70.5,35.2,1871,True,True,True,4.0
849,1,2026-04-28 08:17:09,77.3,32.4,1779,True,True,True,0.9
850,1,2026-04-29 08:27:25,71.7,37.3,1709,True,True,True,5.2
851,1,2026-04-30 08:08:26,68.0,37.1,1744,True,True,True,2.2
852,1,2026-05-01 08:08:33,75.3,35.0,1889,True,True,True,0.5
853,1,2026-05-02 08:08:39,75.6,34.4,1985,True,True,True,3.7
854,1,2026-05-03 08:08:25,92.6,36.7,1653,True,True,True,5.1
855,1,2026-05-04 08:36:30,80.8,35.5,1769,True,True,True,10.7
856,1,2026-05-05 08:31:08,95.2,35.6,1561,True,True,True,0.8
857,1,2026-05-06 08:07:33,88.3,33.2,1835,True,True,True,2.2
858,1,2026-05-07 08:15:53,71.2,32.5,1645,True,True,True,3.7
859,1,2026-05-08 08:32:47,73.1,36.2,1623,True,True,True,6.2
860,1,2026-05-09 08:06:29,70.8,35.4,1642,True,False,True,3.8
861,1,2026-05-10 08:08:29,78.8,34.0,1928,True,False,True,4.8
862,1,2026-05-11 08:32:04,79.9,36.2,1784,True,False,True,0.1
863,1,2026-05-12 08:30:24,68.7,32.6,1639,True,False,True,3.5
864,1,2026-05-13 08:37:22,84.9,36.5,1583,True,False,True,1.1
865,1,2026-05-14 08:15:06,92.9,34.6,1789,True,False,True,7.5
866,1,2026-05-15 08:04:28,69.1,36.1,1770,True,False,True,12.6
867,1,2026-05-16 08:28:43,84.5,35.4,1949,True,False,True,2.2
868,1,2026-05-17 08:13:02,69.8,32.9,1448,True,False,True,1.0
